{
  "optimalVoltage": 12,
  "robotMass": 110.2311,
  "wheelGripCoefficientOfFriction": 1.19,
  "currentLimit": {
    "drive": 40,
    "angle": 20
  },
  "conversionFactors": {
    "angle": {
      "gearRatio": 21.428571428571427,
      "factor": 0.00012962962963
    },
    "drive": {
      "diameter": 2,
      "gearRatio": 6.122448979591837,
      "factor": 1.02625360017
    }
  },
  "rampRate": {
    "drive": 0.25,
    "angle": 0.25
  }
}